Nome,CPF,E-mail
Luana Costa,698.405.327-74,sfarias@gmail.com
Luiz Miguel Rezende,179.456.028-94,da-cunhalavinia@hotmail.com
Cecília Lopes,580.327.164-08,miguelramos@da.net
Sr. Benjamin Moreira,724.816.539-55,maria-cecilia03@uol.com.br
Ryan Nunes,249.538.601-60,vitor-gabriel35@yahoo.com.br
Juan Santos,172.396.048-96,piresluana@yahoo.com.br
Levi Pinto,286.107.593-77,ana-julia99@gmail.com
Sra. Marina Carvalho,052.486.179-01,mouraraquel@pinto.br
Clarice Rezende,185.403.297-60,ribeirolarissa@freitas.com
Theo da Mota,648.207.153-80,dgomes@viana.com
Luiz Gustavo da Rocha,356.789.042-56,vitor47@hotmail.com
Dra. Rebeca Silva,798.632.451-19,cardosonicolas@yahoo.com.br
Benício Rocha,960.582.731-02,maria-fernandaalmeida@moraes.net
Olivia Caldeira,980.157.234-50,afarias@hotmail.com
Carolina Viana,295.786.043-00,vdias@ig.com.br
Valentina Aragão,326.758.149-46,pedro-henriquecastro@yahoo.com.br
Benjamin Monteiro,308.947.162-04,zpires@nunes.org
Srta. Fernanda da Mata,037.689.215-30,maria83@ramos.br
Kevin Martins,085.461.329-33,maria-alice69@dias.com
João Felipe Rocha,928.540.137-60,helenanogueira@yahoo.com.br
Vitor Gabriel da Paz,714.206.853-17,stephanybarbosa@alves.com
Mirella Fernandes,647.503.982-92,agatha96@azevedo.org
Emilly Campos,839.674.025-92,hrezende@moraes.org
Daniela Nunes,406.825.739-65,barbaramonteiro@yahoo.com.br
Anthony Mendes,523.487.609-83,vvieira@nunes.br
Maria Vitória das Neves,810.473.652-35,nicole98@costa.br
Emilly da Rosa,375.026.149-07,limayuri@gmail.com
Isadora Cunha,589.230.467-10,portoluana@yahoo.com.br
Ana Clara Viana,805.294.173-32,raulgoncalves@mendes.br
Maria Luiza da Luz,964.805.172-02,mouracecilia@cardoso.com
Noah Gomes,853.647.192-19,fernandomartins@peixoto.br
Alícia Lopes,839.605.247-65,hmoreira@hotmail.com
Sr. Eduardo das Neves,140.789.256-85,ulopes@bol.com.br
Dr. Felipe Nunes,740.529.316-61,fnogueira@hotmail.com
Maria Luiza Campos,369.107.284-40,moraeshenrique@bol.com.br
Pietro Alves,274.503.986-56,mouramiguel@gmail.com
João Lucas Pires,650.748.192-02,maria-vitoriacorreia@bol.com.br
Gustavo Nogueira,398.570.421-04,ana-beatriz82@ramos.br
Daniela Carvalho,742.560.938-00,cavalcantiluiza@barbosa.com
João Guilherme das Neves,983.564.107-20,almeidajoao-miguel@almeida.org
Rodrigo da Mota,652.078.493-10,bcavalcanti@da.com
Sarah Teixeira,386.917.425-00,ana-beatrizaraujo@campos.br
Nathan Pires,836.105.942-33,xdias@correia.br
João Lucas Novaes,863.274.905-65,nsales@araujo.org
Dr. Diego Caldeira,076.128.495-85,nataliaferreira@gomes.br
Luiz Felipe Castro,581.396.072-40,daniel67@das.com
Noah Nunes,954.081.627-02,ana-vitoria24@nunes.com
Luna Melo,765.019.348-93,vitor95@yahoo.com.br
Heitor Vieira,340.786.215-62,raquellopes@hotmail.com
Emanuella Peixoto,906.578.432-29,mouraalexandre@yahoo.com.br
Dra. Ana Julia das Neves,529.306.874-10,ribeiroandre@ig.com.br
Srta. Bruna Ramos,649.758.301-75,clarice78@hotmail.com
Raquel Barbosa,623.178.549-19,stephanydas-neves@monteiro.br
Eduardo Pinto,394.716.258-82,nunesgabriela@silva.br
Nicolas Moraes,756.124.930-61,lunarodrigues@gmail.com
Ana Carolina Moura,728.540.963-47,ppinto@dias.com
Ana Beatriz Porto,543.602.719-99,ecavalcanti@alves.com
Vitória Cardoso,307.148.695-20,wsantos@ribeiro.br
João Gonçalves,794.632.508-83,manuela66@da.com
Alícia Santos,510.763.942-99,costelaesther@teixeira.org
Mariana Dias,842.163.709-69,ada-cunha@cunha.net
Ana Beatriz Fogaça,269.803.541-24,ssouza@teixeira.net
Ryan das Neves,943.280.175-60,azevedoana-carolina@uol.com.br
Gabriela Castro,258.943.061-24,costelaantonio@araujo.com
Daniela Freitas,023.546.987-47,lauranunes@uol.com.br
Sarah Cardoso,023.651.948-42,luiz-gustavo79@da.br
Dr. Bernardo Araújo,624.718.359-37,cmelo@jesus.br
Ana Júlia da Conceição,934.267.058-00,nicole51@gmail.com
Isis Teixeira,316.980.524-05,benicio68@hotmail.com
Sra. Gabrielly Pereira,405.982.371-60,azevedoluiz-felipe@barros.com
Enrico Novaes,347.502.698-83,xramos@moura.net
Srta. Sofia Mendes,723.481.659-37,efarias@cavalcanti.net
Diego Teixeira,250.673.984-00,barbara11@bol.com.br
Letícia da Costa,507.492.836-29,kaique50@yahoo.com.br
Mariane Castro,598.042.761-94,tfarias@yahoo.com.br
Srta. Milena da Mota,307.289.615-12,da-luzluiz-fernando@yahoo.com.br
Alexandre Lima,579.063.814-75,bernardo42@ig.com.br
Ana Júlia das Neves,295.316.487-19,almeidarodrigo@da.com
Pedro Lucas Novaes,781.629.450-67,eduarda56@pires.org
Lavínia Campos,751.890.642-20,xgomes@gmail.com
Srta. Alexia Costa,238.401.967-87,snogueira@da.org
Caio da Rosa,862.195.430-33,sgomes@fogaca.br
Agatha Souza,074.189.563-39,jda-mota@yahoo.com.br
Dr. Benício da Costa,645.821.073-62,brunobarros@uol.com.br
Sr. João Guilherme Gonçalves,692.183.745-91,gpeixoto@uol.com.br
Bianca Nogueira,429.735.601-52,andre72@martins.br
Theo Pinto,319.408.567-01,dpires@yahoo.com.br
Gustavo Henrique da Mota,945.073.826-29,correiaotavio@bol.com.br
Lucca Gomes,649.238.170-03,ribeirojoao-pedro@sales.net
Nina da Rocha,849.625.170-58,martinsenzo-gabriel@silveira.br
Sra. Marina Rezende,618.903.452-70,luiz-henriqueda-mata@ig.com.br
Isaac Moraes,497.625.803-38,dcastro@yahoo.com.br
Valentina Vieira,621.937.845-82,julia62@rocha.com
Vitor Gabriel Santos,148.956.073-48,cunhayago@caldeira.br
Sr. Pedro Cardoso,501.639.247-16,ycostela@hotmail.com
Dra. Evelyn Castro,013.926.874-03,asales@yahoo.com.br
Marina Vieira,978.053.426-10,ccarvalho@porto.br
Lorena Vieira,823.659.014-33,ana-luiza87@da.com
Luana Pires,871.309.564-10,enzo-gabriel67@yahoo.com.br
Emanuella da Conceição,678.153.029-12,kevin09@barros.net
Noah Campos,452.891.073-04,fariasmanuela@da.com
Ana Laura Cardoso,143.208.675-80,caio84@ig.com.br
André Farias,361.274.908-04,costelaclarice@ig.com.br
Ana Carolina Barros,215.679.408-11,melosophia@uol.com.br
Isadora da Luz,390.452.718-50,ana-luiza63@bol.com.br
Paulo Silva,034.718.692-04,costalavinia@yahoo.com.br
Nathan da Paz,218.695.703-59,jsales@gmail.com
Yasmin Caldeira,203.649.517-61,oliveiralara@hotmail.com
João Pedro Ramos,530.982.147-32,clariceda-costa@costa.br
Marina Caldeira,520.763.491-70,gcorreia@gmail.com
Mariana Barros,943.672.815-82,luiz-henriquemelo@aragao.br
Vitor Hugo Gonçalves,017.964.523-43,alice99@yahoo.com.br
Maria Vitória Moura,562.790.138-12,maria-sophiafarias@da.com
Stella Pinto,098.652.341-06,oliviasouza@hotmail.com
Arthur Mendes,102.358.796-30,ppereira@uol.com.br
Rodrigo Ramos,014.726.398-04,ana-livia39@uol.com.br
Srta. Maysa Ferreira,960.347.182-87,afogaca@peixoto.com
Nicolas Vieira,397.215.860-21,calebesilva@hotmail.com
Dr. Lucas Cardoso,382.657.901-12,raul38@bol.com.br
Alexandre Castro,987.346.150-75,lcorreia@hotmail.com
Agatha da Mata,627.940.581-85,uda-costa@da.br
Bernardo Mendes,718.253.094-50,goncalvesana-carolina@ig.com.br
Lara Costa,574.391.268-82,danilo10@fogaca.com
Ana Luiza Moura,039.825.741-88,wbarros@mendes.com
Kevin da Cunha,256.783.140-17,yasmin56@bol.com.br
Pedro Miguel da Paz,079.845.126-20,da-luzlucca@fernandes.net
João Pedro Farias,370.489.256-47,luna96@cardoso.br
Vitor Gabriel Correia,354.067.812-35,antoniomoreira@hotmail.com
Joana da Mata,596.028.174-02,cavalcantibernardo@barbosa.net
João Felipe Melo,046.597.213-61,ryancardoso@alves.br
Sr. Bruno Silva,240.817.569-02,yda-rosa@pinto.br
Gabrielly Cardoso,213.496.057-43,yuricunha@da.com
Vitor Gabriel Caldeira,715.469.203-07,claricedias@ig.com.br
Bianca Correia,157.263.408-17,agathacampos@campos.br
Igor Martins,136.029.587-95,xcardoso@yahoo.com.br
Ana Carolina Mendes,401.873.926-50,lteixeira@da.org
Breno Nascimento,132.694.708-78,osilveira@almeida.net
Erick Vieira,932.516.480-98,kda-mota@oliveira.br
Rafael Castro,180.623.475-08,gteixeira@das.com
Thales Moura,139.284.576-91,fariaslorena@ig.com.br
André Lopes,429.670.813-96,emilly58@gomes.net
Dr. Gustavo Henrique Almeida,301.749.856-57,olopes@uol.com.br
Pedro Viana,029.684.713-50,theoda-costa@oliveira.com
Ana Sophia Alves,609.358.241-89,xsouza@cunha.br
Valentina Dias,561.480.237-17,milenasilva@pereira.br
Kaique Azevedo,903.178.465-66,cardosovitor-hugo@yahoo.com.br
Emilly Cardoso,714.963.852-09,joao-miguel51@silva.br
Alexia Silva,409.827.315-23,bda-cruz@cunha.br
Srta. Alícia Melo,496.058.123-98,diogocardoso@rocha.br
Maysa Silveira,710.953.264-06,isissilva@hotmail.com
Calebe da Luz,165.809.237-68,apires@gomes.org
Joana Pires,354.619.720-80,rafaelaoliveira@hotmail.com
Marcela Dias,458.260.713-62,sarah84@almeida.com
Ana Sophia Gonçalves,589.371.624-82,andre77@monteiro.br
Joaquim Souza,796.542.031-70,clarasouza@barros.br
Bárbara Rocha,368.275.094-00,rsouza@barros.com
Emilly Farias,195.382.706-30,fernanda92@correia.com
Pedro da Costa,786.301.945-10,gustavo36@bol.com.br
Beatriz Cardoso,078.124.396-31,da-cunhagabriel@fogaca.net
Sophie da Rosa,450.318.729-50,da-matavalentina@moreira.br
Thomas Barbosa,736.590.412-70,nsouza@yahoo.com.br
Dra. Emilly Rezende,632.590.184-33,oliveiraemanuel@pereira.org
Benício das Neves,781.940.562-76,martinsclarice@da.com
Pedro Lucas Castro,568.910.472-85,anthony47@jesus.org
Srta. Gabrielly Melo,412.703.965-52,peixotocaua@ferreira.com
Julia Cardoso,357.849.612-09,da-costavitor-gabriel@yahoo.com.br
Nathan Nunes,489.372.065-10,maria-aliceribeiro@da.br
Lorena Costa,084.657.123-44,jnunes@bol.com.br
Olivia Viana,451.270.639-99,ycaldeira@hotmail.com
Isabella Farias,981.274.530-05,tgoncalves@mendes.br
Manuela Barbosa,492.817.653-73,catarinasouza@da.com
Vitor da Costa,879.150.236-59,alicia73@pereira.com
João Vitor Peixoto,572.034.681-35,arthur49@ig.com.br
Kevin Ferreira,630.894.712-13,aragaoandre@yahoo.com.br
Nina da Mata,418.326.579-73,aliciacardoso@caldeira.org
Caio Lima,501.932.468-05,inovaes@barbosa.com
Guilherme Novaes,216.307.894-96,lais92@hotmail.com
Lavínia da Paz,832.497.605-10,leandro79@gmail.com
Alexandre Oliveira,391.652.780-03,rocharafael@gmail.com
Sr. Gabriel Gomes,346.528.197-73,claricegomes@fernandes.br
Daniel Lopes,918.537.046-01,natalia37@yahoo.com.br
Dra. Maitê Vieira,049.571.238-88,joao-gabriel12@teixeira.com
Fernanda Moura,267.810.935-68,ana-vitoria25@da.org
Mariana da Luz,072.485.631-53,julianafogaca@peixoto.com
Rafaela Cunha,450.926.381-33,henriquenascimento@ig.com.br
Vitória Gomes,182.795.403-50,da-rosapedro-miguel@vieira.br
Davi Pires,768.123.954-55,zcastro@bol.com.br
Pietro Aragão,782.351.046-44,ryan00@aragao.net
Srta. Maria Fernanda Gonçalves,587.490.236-83,luiz-gustavo06@silva.com
Dr. Levi Pires,941.056.382-89,pedroporto@silva.com
Ryan Cavalcanti,940.673.182-78,bcastro@fogaca.org
Gabriel Gonçalves,348.107.259-79,tporto@uol.com.br
Sra. Carolina Moura,254.709.638-29,sabrina37@yahoo.com.br
Sr. Guilherme da Mota,732.689.451-55,cardosogabriela@hotmail.com
João Miguel Costela,678.093.124-13,maria-claracostela@ribeiro.com
Davi Lucas Teixeira,061.752.948-58,xda-costa@da.com
Caio da Mota,271.604.385-07,edas-neves@gmail.com
Francisco Pinto,513.687.490-20,bruno39@martins.com
Luiz Otávio Moraes,385.072.469-74,rodriguespaulo@silva.br
Arthur Rezende,460.239.715-80,fogacamaria-eduarda@araujo.com
Igor Alves,268.947.503-00,rafaelada-luz@da.com
Emanuel Duarte,062.784.159-76,bdias@sales.com
Lorena Gomes,831.059.726-68,otaviocorreia@da.br
Dra. Valentina Novaes,813.029.564-42,da-motamarcela@cardoso.com
Luiz Fernando da Rosa,271.805.963-02,marinafreitas@ig.com.br
Marcos Vinicius Rezende,684.120.973-78,julia24@vieira.org
Letícia da Luz,973.805.421-41,esthermartins@bol.com.br
Yuri Almeida,318.209.675-30,benicio48@hotmail.com
Ana Luiza Silveira,874.390.125-50,igorramos@farias.br
Luiz Felipe Rocha,820.576.413-17,alveshenrique@freitas.com
Sofia Sales,925.347.160-34,enrico03@da.br
Valentina Ribeiro,173.046.982-50,gcardoso@uol.com.br
Sra. Rafaela Cardoso,895.163.402-70,da-motaalice@novaes.com
Francisco da Mata,573.261.048-08,natalia66@gmail.com
Lucca Carvalho,790.315.248-32,da-costaemilly@bol.com.br
Bryan Gomes,901.358.276-12,zmoreira@da.net
Lara Campos,510.793.246-07,emilly67@uol.com.br
Ana Clara Sales,201.976.385-03,da-cunhaheitor@nunes.com
Ana Alves,296.580.741-11,acorreia@bol.com.br
Davi Luiz Araújo,672.895.013-30,rafaela90@yahoo.com.br
Srta. Maysa Nunes,649.527.318-55,teixeiraana-sophia@gmail.com
Srta. Maysa Santos,367.140.598-84,joao-pedro16@hotmail.com
Clarice Souza,968.713.405-48,vitoriavieira@gmail.com
Calebe Duarte,986.134.027-04,mcardoso@ribeiro.br
Alícia Campos,083.215.794-50,gomeslaura@ribeiro.br
Vitor Hugo da Cunha,541.809.623-06,maria-cecilia02@correia.com
Pedro Dias,634.921.850-70,costaheitor@ig.com.br
Maria Julia Freitas,956.014.832-05,ivieira@yahoo.com.br
Pedro Lucas Farias,296.183.475-91,oda-costa@yahoo.com.br
João Gabriel Cardoso,791.836.205-59,cavalcantikamilly@yahoo.com.br
Catarina Fernandes,258.046.179-58,nunesnoah@yahoo.com.br
Sr. Eduardo Araújo,926.571.403-43,qmoura@ig.com.br
Bárbara Barros,209.643.581-15,kaiquecorreia@campos.org
Kevin Monteiro,302.641.759-99,liviafogaca@uol.com.br
Fernando Carvalho,532.610.874-71,emanuelcunha@gomes.net
Dra. Maria Cecília da Cruz,531.482.970-32,rafael69@vieira.br
Rodrigo Novaes,451.820.973-79,goncalvesjoao-gabriel@martins.br
Pedro Aragão,782.456.031-71,zcunha@hotmail.com
Bárbara Nascimento,278.659.013-21,freitasvalentina@gmail.com
Raul Carvalho,381.907.465-10,laura19@uol.com.br
Thiago Almeida,596.137.820-95,eloah84@hotmail.com
Maria Vitória Oliveira,701.296.835-40,maria-clarafernandes@azevedo.net
Gustavo Henrique Viana,182.640.395-70,kaiqueda-rocha@duarte.br
Augusto Ribeiro,273.560.418-71,dfernandes@bol.com.br
Luiz Otávio Caldeira,019.372.546-07,da-motalarissa@hotmail.com
Samuel Peixoto,264.713.598-37,jesusbruna@uol.com.br
Augusto da Mota,128.056.734-17,lorenzosantos@bol.com.br
Vinicius Caldeira,642.759.180-02,joao-felipe98@ig.com.br
Srta. Ana Luiza da Mata,037.841.695-20,marinavieira@novaes.br
Eduardo da Luz,978.643.501-00,pietraazevedo@gmail.com
